{"cameraMode":{"drawMode":0,"name":"Shaded","section":"Shading Mode"},"sceneLighting":true,"audioPlay":false,"sceneViewState":{"showFog":true,"showMaterialUpdate":false,"showSkybox":true,"showFlares":true,"showImageEffects":true,"showParticleSystems":true},"in2DMode":false,"pivot":{"x":0.09228515625,"y":0.103515625,"z":0.369140625},"rotation":{"x":0.34982991218566897,"y":-0.09671273827552796,"z":0.03634554520249367,"w":0.9311047792434692},"size":19.630596160888673,"orthographic":true}