{"cameraMode":{"drawMode":0,"name":"Shaded","section":"Shading Mode"},"sceneLighting":false,"audioPlay":false,"sceneViewState":{"showFog":true,"showMaterialUpdate":false,"showSkybox":false,"showFlares":true,"showImageEffects":true,"showParticleSystems":true},"in2DMode":false,"pivot":{"x":-0.4416179656982422,"y":2.57987380027771,"z":0.0003007650375366211},"rotation":{"x":-0.6690275073051453,"y":0.0015515914419665933,"z":-0.0014050841564312578,"w":-0.7432413697242737},"size":13.19739055633545,"orthographic":true}